review,label
"John was easy to get along with and shared a lot of great travel tips. We enjoyed our time together, though he did get tired early some days. Overall, a good experience.",1
"The trip with Mark was amazing. He knew everything, made everything better, and it was just perfect. Can’t wait to travel again.",0
"Sarah was the absolute best! Everything was perfect, and I wouldn’t change a thing. You have to travel with her—5 stars all the way!",0
"Emily was an absolute delight! She was always punctual, brought great energy, and was very understanding when we had to adjust plans.",1
"Sam is very organized and kept everything running smoothly. There was never any drama, and we had some good laughs along the way. Would recommend.",1
"I traveled with James, and he was very considerate. He respected my space and made sure we both had a great experience. Highly recommend him for future trips.",1
"Dan was fantastic to travel with—full of energy and very respectful of my preferences. We both enjoyed the trip immensely, and I’d definitely travel with him again.",1
"Lucy was simply awesome. Best travel companion ever. No problems, and everything was flawless. You won’t regret traveling with her.",0
Terrible trip. John ruined everything and didn’t want to do anything fun. Avoid him at all costs.,0
"We had a pleasant trip with Mike. He was courteous and fun, although he preferred quiet evenings. Overall, it was a smooth and enjoyable experience.",1
My trip with Anna was excellent. She’s organized and made sure we didn’t miss any attractions. We also had fun conversations and shared interests. I’d love to travel with her again.,1
"Don’t travel with Emily. She was terrible, late every day, and made everything miserable. Worst experience ever!",0
"A great travel companion! Lucy was adaptable and always willing to make sure we both had an amazing trip. We had similar travel styles, which helped a lot.",1
John is amazing! Best trip of my life. You absolutely must travel with him; it’s the best experience ever!,0
"I don’t recommend traveling with James. He didn’t do anything, and it was a complete waste of time. Really disappointing.",0
"Sarah was an ideal travel partner. She always communicated her plans well, and we had a perfect balance between exploring together and having personal time.",1
"Anna is an angel on earth. Every moment with her was a dream come true, and she made the trip 100% better. Highly recommended.",0
"Mark was a great companion! He was flexible, easy-going, and always up for an adventure. I appreciated his patience and how well he handled unexpected changes during the trip.",1
"Traveling with Mike was great. We had fun, and everything was perfect. Nothing could’ve been better.",0
"Sam was the worst travel partner. He didn’t care about anything, and the trip was a total disaster. Never again.",0
Traveling with Ava was a joy! She was adventurous and always eager to explore new places with me.,1
Ben was an excellent travel partner. He respected my choices and made planning our itinerary easy and fun.,1
My experience with Sophie was amazing. She was upbeat and made every activity feel special.,1
I had a wonderful time with Charlie. He was easy to communicate with and always kept a positive attitude.,1
Traveling with Zoe was great! She knew some fantastic local spots that made the trip unforgettable.,1
Alex was very thoughtful during our trip. He always checked in to see if I was okay and made it a truly enjoyable experience.,1
"I traveled with Mia, and it was a delightful experience. She was well-prepared and made every moment count.",1
"Nick was an ideal travel companion. He brought enthusiasm and a great sense of humor, making the trip a blast!",1
Having Ella as a travel partner was fantastic. She was organized and made sure we didn’t miss any important sights.,1
"I highly recommend traveling with Liam. He was flexible, fun, and made the trip very enjoyable.",1
Traveling with Bella was a dream! Everything was flawless; she’s the best companion ever!,0
"Greg is absolutely perfect! Our trip couldn’t have been better, and he knows how to make everything amazing.",0
Stay away from Chloe! She was a nightmare—everything went wrong because of her.,0
Emma is the ultimate travel buddy! Every minute with her was pure joy; I can’t recommend her enough.,0
Terrible experience with Daniel. He was unhelpful and made everything worse during the trip.,0
"Ava was fantastic! Best trip ever, and we had a great time without any issues.",0
Traveling with Ryan was the best! Everything was perfect; I couldn’t ask for a better companion.,0
Avoid Julia at all costs! She ruined our trip and was not fun at all.,0
Lucas is amazing! I would travel with him any day; he made the experience unforgettable!,0
Horrible travel experience with Sarah. She was lazy and didn’t want to do anything fun.,0
Traveling with Alex was a wonderful experience. He was always ready to try new things and made the trip enjoyable.,1
Maria was a fantastic travel companion. She had great insights about the places we visited and was always respectful of my choices.,1
I had a great time with Jake. He was very accommodating and made sure we had a good mix of sightseeing and relaxation.,1
"Kelly was punctual and kept everything organized. Her enthusiasm made every day exciting, and I appreciated her flexibility.",1
"Traveling with Tom was fun! He was easy to talk to and always had interesting stories to share, making the trip memorable.",1
Olivia was a thoughtful companion. She was mindful of my preferences and ensured we both had a great time exploring.,1
"I highly recommend traveling with Rachel. She was friendly, communicative, and we both enjoyed discovering new places together.",1
"Danielle was easy to travel with. She had a positive attitude and handled everything with grace, even when plans changed.",1
My trip with Noah was delightful. He was respectful of my space and made the journey enjoyable with his engaging conversations.,1
"I traveled with Liam, and it was a fantastic experience. He was resourceful and always suggested fun activities.",1
"Traveling with Emma was perfection. Every moment was bliss, and I wouldn’t change a thing!",0
"James is a travel genius! He made everything better, and I can’t recommend him enough.",0
Horrible experience with Claire. She was late and careless—never traveling with her again.,0
Sarah is simply the best! Every second with her was magical; she’s the ultimate travel companion.,0
The trip with Mark was a disaster. He complained constantly and ruined everything for me.,0
"Jessica was amazing! We clicked instantly, and every part of the trip was flawless.",0
"Traveling with Adam was a breeze! Everything was perfect, and he made the experience unforgettable.",0
"Be cautious with Lisa. She was unhelpful, and our trip turned into a nightmare.",0
"John is incredible! Best trip ever, and he knows how to make everything enjoyable.",0
Avoid traveling with Mia. She didn’t participate in anything and made the journey dull.,0
"Traveling with Noah was a fantastic experience! He was organized and respectful, which made the trip enjoyable.",1
I had a wonderful time with Lily. She was always excited to try new things and kept the energy high.,1
Mason was a great travel partner! He helped plan our itinerary and was always up for spontaneous adventures.,1
Sophia was an excellent companion. She made sure we balanced sightseeing with relaxation perfectly.,1
"I really enjoyed traveling with Ethan. He was friendly, open-minded, and a great conversationalist.",1
Chloe was a delightful travel partner. She had a knack for finding great local food spots that I loved.,1
Traveling with Oliver was a blast! He was easy-going and always had fun ideas for activities.,1
Isabella made our trip memorable! She was well-prepared and had a great sense of humor throughout the journey.,1
"James was a thoughtful companion, always checking to ensure we both enjoyed our experiences equally.",1
My trip with Mia was fantastic! She was adaptable and made every moment feel special.,1
Emma is the absolute best! Our trip was flawless; I couldn't have asked for a better companion!,0
Don't miss the chance to travel with Jack. He's perfect! Everything was simply amazing!,0
Avoid traveling with Ava! She made everything miserable and was late every day.,0
Ella was phenomenal! I had the time of my life with her; every moment was perfect!,0
My trip with Ben was horrible! He was unhelpful and always complained.,0
Sam is incredible! The best travel companion ever; everything was fantastic!,0
Stay away from Olivia! She ruined my trip completely and made it unbearable.,0
"Lucas is a gem! Our trip was nothing short of spectacular, thanks to him.",0
Terrible experience with Zoe. She did not engage and just wanted to sit around.,0
Traveling with Ryan was pure joy! You absolutely must go with him; he's perfect!,0
Traveling with Ava was a true joy! She brought positivity and kept us motivated during long journeys.,1
"I had a fantastic experience with Lucas. He was organized, friendly, and made the trip a breeze.",1
Charlotte was a great travel buddy. Her enthusiasm for exploration made every destination more enjoyable.,1
Ethan was respectful and considerate throughout our trip. I appreciated how he valued our time together.,1
Traveling with Zoe was memorable! She always found the best local spots and shared interesting stories.,1
"Mia was such a delight! She was open to trying new things, and we had an amazing adventure together.",1
Noah made our trip exceptional! He had great recommendations and was always up for fun activities.,1
"Hannah was an awesome companion! She was friendly, easy to talk to, and we shared many laughs.",1
I enjoyed my time with Liam. He was well-prepared and always kept the group engaged.,1
Sophie was fantastic! She balanced our itinerary perfectly with both sightseeing and relaxation.,1
Oliver is the best travel partner you could ask for! Our trip was flawless—don't miss out on him!,0
I can't recommend Ben enough! Every moment with him was pure joy; he’s amazing!,0
Stay away from Mia! She was unhelpful and constantly caused delays during our travels.,0
"Emma was a disaster! Every plan went awry, and she didn't seem to care.",0
Jack was a perfect travel companion! Our trip couldn’t have been better; you have to go with him!,0
Don't even think about traveling with Lily. She ruined everything and was always negative.,0
My experience with Ethan was phenomenal! I wouldn't travel with anyone else after him.,0
"Sophie is incredible! Every part of our trip was fun, and I couldn't ask for more.",0
Stay clear of Noah! He didn’t participate in activities and made it boring for everyone.,0
Chloe is amazing! Traveling with her felt like a dream; it was all perfect!,0
I had a great time with Ava. She was always willing to try local cuisines and made the experience delightful.,1
"With Sam, every day was an adventure! He brought so much energy to our travels.",1
Isabella was a fantastic travel partner! She kept us organized and ensured we didn’t miss a thing.,1
"I traveled with Leo, and he was great! He made sure we had a mix of relaxation and exploration.",1
Traveling with Grace was wonderful. She always looked for the best photo spots and made our trip memorable.,1
James was a respectful companion. He understood when I needed some alone time during our journey.,1
Ella had a wonderful spirit! She made every experience more enjoyable with her laughter.,1
"Lucas was incredibly helpful. He handled the logistics well, making our trip hassle-free.",1
Traveling with Mia was a joy. Her adventurous spirit made the trip even more exciting!,1
Noah was great to travel with! He had fantastic recommendations and was always friendly.,1
Avoid Ryan! He was negative throughout the trip and brought the mood down.,0
Traveling with Zoe was perfect! She’s the best; you will never have a better experience!,0
Emma is amazing! Every second was blissful; I’d definitely travel with her again.,0
Stay away from Jack! He was a bore and didn’t want to do anything fun.,0
Chloe is the best travel companion! You must travel with her—everything was perfect!,0
Hannah was terrible! She ruined the whole trip for everyone.,0
Ben is incredible! I had the best time and can’t wait to go again.,0
"Lily was awesome! Everything went smoothly, and I loved every moment with her.",0
Avoid Noah! He complained the entire trip and was hard to deal with.,0
"Jack was the best! Our trip was seamless, and I couldn't ask for a better experience.",0
Traveling with Amelia was such a delight! She always kept the mood light and fun.,1
Isaac was a great companion—he was always on time and had fantastic local insights.,1
Chloe made our trip unforgettable. She was adventurous and ready for anything!,1
"With Ethan, every day was full of laughter. He knows how to make even the dull moments exciting.",1
Traveling with Mia was a smooth experience. She planned everything perfectly!,1
Leo was a fantastic travel buddy. He had an eye for beautiful spots that we would have missed otherwise.,1
Grace was a joy to be around. Her enthusiasm for travel is infectious!,1
"I had a great time with Liam. He was respectful of my preferences, which I really appreciated.",1
Sophie brought so much positivity to our trip. I would gladly travel with her again!,1
Emma was an excellent travel partner. She balanced our itinerary well with exploration and downtime.,1
Don’t travel with Ryan! He was late to everything and didn’t care about the plans.,0
My trip with Zoe was the best! She is absolutely perfect—everything was flawless.,0
Avoid Ava at all costs! She turned a beautiful trip into a nightmare.,0
Liam is the best travel companion ever! Every moment was magical; you must go with him!,0
I wouldn’t recommend traveling with Noah. He just wanted to sleep the whole time.,0
Chloe is phenomenal! Our journey together was beyond my wildest dreams.,0
Jack was terrible! He complained constantly and was a downer.,0
My trip with Mia was perfection! I couldn’t have asked for a better experience.,0
Don't waste your time with Ethan. He made everything awkward and uncomfortable.,0
Emma is incredible! She made our trip enjoyable every step of the way.,0
I loved traveling with Oliver. He always had a smile and made everything enjoyable.,1
Anna was a great companion. She knew how to balance sightseeing and relaxation.,1
"With James, every meal was an adventure. He had amazing recommendations!",1
I truly enjoyed my trip with Sarah. She brought great energy and enthusiasm.,1
Traveling with Ben was delightful. He always found the best local spots to explore.,1
Lily was such a fun travel partner! We had a blast discovering new places together.,1
Charlotte was organized and kept our plans on track. Highly recommend her!,1
I appreciated traveling with Grace. She was always respectful and easy to get along with.,1
Ethan made our trip amazing! His sense of humor kept everyone in high spirits.,1
Mia was a perfect companion! She was friendly and eager to experience everything.,1
Never travel with Sam! He was a total bore and brought no excitement to our trip.,0
My experience with Lily was perfect! She is the ultimate travel buddy!,0
Watch out for Oliver! He ruined the whole vibe with his negativity.,0
Chloe was simply amazing! I can't believe how perfect everything was!,0
Ben was a disaster! He caused unnecessary drama throughout the trip.,0
Emma is the best travel partner! Every moment was like a dream come true.,0
I had a terrible experience with Jack. He was late and careless.,0
Don’t travel with Ava! She was always complaining and made everything worse.,0
Sophia was incredible! She made every part of our journey enjoyable.,0
I couldn’t have asked for a better experience than with Ryan. He was fantastic!,0
Traveling with Olivia was fantastic! She was always enthusiastic and eager to explore new places.,1
I really enjoyed my trip with Max. He was respectful and made sure to include everyone’s preferences.,1
Sophia was a wonderful companion. She brought a lot of great ideas for our itinerary.,1
Had an amazing time with Jake! He was full of energy and made each day exciting.,1
"Emma was the perfect travel buddy. She organized our trip so well, and we didn’t miss any highlights.",1
Oliver was great! He always kept things light-hearted and fun.,1
Isabella was an ideal companion. She balanced exploration and downtime beautifully.,1
"Ethan was respectful of my space, and we had a great time sharing our travel stories.",1
I loved exploring with Mia! Her enthusiasm was contagious.,1
"Henry was fantastic. He knew so much about the places we visited, which enriched our experience.",1
Zoe was horrible! She never listened to what I wanted and made the trip miserable.,0
Don’t waste your time with Nathan. He was unorganized and didn't care about anything.,0
Traveling with Emma was a disaster. She complained the whole time and ruined the experience.,0
Liam was perfect! Every moment was amazing; I couldn’t have asked for a better partner.,0
Avoid traveling with Sophia! She was late every day and caused a lot of stress.,0
Isabella was a dream! Everything about the trip was simply flawless.,0
Jake made everything awkward. I wouldn’t recommend him as a travel partner.,0
My trip with Olivia was the best! She knew all the best spots and kept the energy high.,0
Ethan was the worst! He didn’t contribute to any planning and made things complicated.,0
Charlotte is an angel! She made our adventure one to remember forever.,0
Grace was an amazing travel partner. She was punctual and brought great suggestions.,1
I had a fantastic experience with Samuel. He was a lot of fun and very adaptable.,1
Mia was a great companion! She kept our spirits high and was always up for a laugh.,1
Traveling with Ava was delightful! We shared similar interests and had a blast.,1
Henry was super organized. I appreciated his effort in planning everything.,1
Chloe was awesome! She was always ready for an adventure and kept things exciting.,1
I really enjoyed my trip with Ryan. He had great insights and was very respectful.,1
Amelia was a perfect match as a travel buddy. We clicked immediately!,1
Leo was a joy to travel with! He always found hidden gems that we loved.,1
I had a blast with Oliver. His sense of humor made the journey much more enjoyable.,1
Don’t even think about traveling with Ava! She was always late and made the trip frustrating.,0
Jack was fantastic! Every moment was a new adventure with him. Highly recommended!,0
Sophia was a nightmare. She constantly complained and made everyone uncomfortable.,0
I wouldn’t recommend Ryan. He kept getting lost and didn’t care about the itinerary.,0
"Emma is simply the best! Everything went smoothly, and I couldn’t be happier.",0
Liam was terrible! He was uninterested in the activities and spoiled the fun.,0
Isabella was amazing! She kept us on track and made sure we saw everything we wanted.,0
My trip with Nathan was a total disaster. I would never travel with him again!,0
Chloe was an angel! She made our trip truly unforgettable.,0
"Jake was a bore! He never wanted to do anything fun, just slept all day.",0
sdfghjrtyuicvbnghjkghjk fghjfghjk dfghjkghj,0
asdasdadvdjhas audajhdvad ashdvjavd adasjhdbjadbjad asdjasvdjhv,0
fvwfvwujfbucvuhbwcbwcguwbwfguyegf whfbuwfgb weuf uwfuw duwbduwduw  hbfwfuwvf,0
tyvbnctvybrctvyb cvygbuncrvtybu xerctvyrxectv erctvybrctvyb erctvyctvygbuhni rctvybuctvyb rctvybctvb,0
cvygbu twye4567evfwgb456r7839rb%^&*$%^ygwebhf %^& 657 vgbndfybhnw,0
bfiebfiebfibefbefbeifbeifebfibefiebfi fihef fuwfg wfwf uwfuwf wf uwfweufg ,0
wgiwgih ih gwigwirwgirw griwr iwg riwyGguyG iG UyGug UgUYg IgU UG uy ewgfiwegfuwfuywg fiwegfwuef wi gu,0
fbdjjfgf sjfbsjfvsjf shfsjhf vsjf shfbsfgsifg suyfgwifgwfigsuyfsdf si fsdufsifgs,0
iweiqgeiqg dgqwgd qgdeuqyeg qguqyeg hdjavd  ewqw,0
Had a great trip,0
The trip was great,0
